station,distance_foursq,name_foursq,location.address,rating_foursq,popularityfoursq,categories,latitude_foursq,longitude_foursq,station_yelp,distance_yelp,name_yelp,rating_yelp,latitude_yelp,longitude_yelp,latitude,longitude,free_bikes,empty_slots,slots,uid,renting,returning,last_updated,has_ebikes,ebikes,payment,payment-terminal,slots.1,rental_uris.android,rental_uris.ios
Fairfax Dr & Wilson Blvd,97,The Liberty Tavern,3195 Wilson Blvd,8.5,0.98210316658488,bar,38.886352,-77.096879,Fairfax Dr & Wilson Blvd,99.81102691941472,The Liberty Tavern,3.8,38.886399,-77.096885,38.885801,-77.097745,2,8,,08251ded-1f3f-11e7-bf6b-3863bb334450,1,1,1729555616,True,0,"['key', 'creditcard']",True,12,https://dc.lft.to/lastmile_qr_scan,https://dc.lft.to/lastmile_qr_scan
Fairfax Dr & Wilson Blvd,442,Screwtop Wine Bar,1025 N Fillmore St,8.5,0.9659671506509252,bar,38.885366,-77.092691,Fairfax Dr & Wilson Blvd,434.6469305652398,Screwtop Wine Bar,4.1,38.88544635554872,-77.09274403221673,38.885801,-77.097745,2,8,,08251ded-1f3f-11e7-bf6b-3863bb334450,1,1,1729555616,True,0,"['key', 'creditcard']",True,12,https://dc.lft.to/lastmile_qr_scan,https://dc.lft.to/lastmile_qr_scan
Fairfax Dr & Wilson Blvd,157,Don Tito,3165 Wilson Blvd,7.3,0.9885979851629478,bar,38.886695,-77.096409,Fairfax Dr & Wilson Blvd,154.34177969360792,Don Tito,3.6,38.88666,-77.0963,38.885801,-77.097745,2,8,,08251ded-1f3f-11e7-bf6b-3863bb334450,1,1,1729555616,True,0,"['key', 'creditcard']",True,12,https://dc.lft.to/lastmile_qr_scan,https://dc.lft.to/lastmile_qr_scan
Fairfax Dr & Wilson Blvd,311,East West Coffee Wine,3101 Wilson Blvd,7.5,0.973212481598014,bar,38.887544,-77.09536,Fairfax Dr & Wilson Blvd,297.93027881183673,East West - Arlington,4.0,38.8875,-77.09531,38.885801,-77.097745,2,8,,08251ded-1f3f-11e7-bf6b-3863bb334450,1,1,1729555616,True,0,"['key', 'creditcard']",True,12,https://dc.lft.to/lastmile_qr_scan,https://dc.lft.to/lastmile_qr_scan
Fairfax Dr & Wilson Blvd,460,Wilson Hardware Kitchen & Bar,2915 Wilson Blvd,7.3,0.9670929192044568,bar,38.888531,-77.093736,Fairfax Dr & Wilson Blvd,463.27648770716223,Wilson Hardware Kitchen & Bar,3.7,38.88861,-77.093817,38.885801,-77.097745,2,8,,08251ded-1f3f-11e7-bf6b-3863bb334450,1,1,1729555616,True,0,"['key', 'creditcard']",True,12,https://dc.lft.to/lastmile_qr_scan,https://dc.lft.to/lastmile_qr_scan
South St & University Dr,331,The Wine House,3950 University Dr,8.4,0.9404934687953556,bar,38.847384,-77.305246,South St & University Dr,306.66955738416203,The Wine House,3.8,38.8469944149256,-77.3049987852573,38.844249,-77.305336,10,2,,1877158937567185816,1,1,1729555695,True,0,"['key', 'creditcard']",True,12,https://dc.lft.to/lastmile_qr_scan,https://dc.lft.to/lastmile_qr_scan
South St & University Dr,331,The Wine House,3950 University Dr,8.4,0.9404934687953556,bar,38.847384,-77.305246,University Dr & Democracy Ln,273.1111956179371,The Wine House,3.8,38.8469944149256,-77.3049987852573,38.844249,-77.305336,10,2,,1877158937567185816,1,1,1729555695,True,0,"['key', 'creditcard']",True,12,https://dc.lft.to/lastmile_qr_scan,https://dc.lft.to/lastmile_qr_scan
South St & University Dr,292,21 Great American Bistro,10427 North St,7.6,0.7813255926463474,bar,38.846744,-77.305345,South St & University Dr,277.68573043117476,ONE Bar & Grill,4.7,38.846742,-77.305464,38.844249,-77.305336,10,2,,1877158937567185816,1,1,1729555695,True,0,"['key', 'creditcard']",True,12,https://dc.lft.to/lastmile_qr_scan,https://dc.lft.to/lastmile_qr_scan
South St & University Dr,292,21 Great American Bistro,10427 North St,7.6,0.7813255926463474,bar,38.846744,-77.305345,University Dr & Democracy Ln,309.88833215306477,ONE Bar & Grill,4.7,38.846742,-77.305464,38.844249,-77.305336,10,2,,1877158937567185816,1,1,1729555695,True,0,"['key', 'creditcard']",True,12,https://dc.lft.to/lastmile_qr_scan,https://dc.lft.to/lastmile_qr_scan
South St & University Dr,307,Ornery Beer Company,3950 University Dr,7.3,0.964521851314304,bar,38.847124,-77.305176,South St & University Dr,306.66955738416203,The Wine House,3.8,38.8469944149256,-77.3049987852573,38.844249,-77.305336,10,2,,1877158937567185816,1,1,1729555695,True,0,"['key', 'creditcard']",True,12,https://dc.lft.to/lastmile_qr_scan,https://dc.lft.to/lastmile_qr_scan
South St & University Dr,307,Ornery Beer Company,3950 University Dr,7.3,0.964521851314304,bar,38.847124,-77.305176,University Dr & Democracy Ln,273.1111956179371,The Wine House,3.8,38.8469944149256,-77.3049987852573,38.844249,-77.305336,10,2,,1877158937567185816,1,1,1729555695,True,0,"['key', 'creditcard']",True,12,https://dc.lft.to/lastmile_qr_scan,https://dc.lft.to/lastmile_qr_scan
Fenton St & Gist Ave,268,Kaldi's Social House,918 Silver Spring Ave,9.0,0.9985295442849488,bar,38.991299,-77.025742,Fenton St & Gist Ave,257.74999067129687,Kaldi's Social House,4.0,38.9915104479586,-77.0257543863696,38.989724,-77.023854,4,7,,0825ac97-1f3f-11e7-bf6b-3863bb334450,1,1,1729555645,True,2,"['key', 'creditcard']",True,11,https://dc.lft.to/lastmile_qr_scan,https://dc.lft.to/lastmile_qr_scan
Fenton St & Gist Ave,482,Quarry House Tavern,8401 Georgia Ave,9.1,0.9983661461504516,bar,38.993536,-77.026436,Fenton St & Gist Ave,480.690847451791,Quarry House Tavern,4.0,38.9935582,-77.026423,38.989724,-77.023854,4,7,,0825ac97-1f3f-11e7-bf6b-3863bb334450,1,1,1729555645,True,2,"['key', 'creditcard']",True,11,https://dc.lft.to/lastmile_qr_scan,https://dc.lft.to/lastmile_qr_scan
Fenton St & Gist Ave,482,Quarry House Tavern,8401 Georgia Ave,9.1,0.9983661461504516,bar,38.993536,-77.026436,Veterans Pl & Pershing Dr ,484.31063436897574,Quarry House Tavern,4.0,38.9935582,-77.026423,38.989724,-77.023854,4,7,,0825ac97-1f3f-11e7-bf6b-3863bb334450,1,1,1729555645,True,2,"['key', 'creditcard']",True,11,https://dc.lft.to/lastmile_qr_scan,https://dc.lft.to/lastmile_qr_scan
Fenton St & Gist Ave,304,Fire Station 1,8131 Georgia Ave,5.4,0.9779024422360312,bar,38.991483,-77.026267,Fenton St & Gist Ave,282.0436736234095,Fire Station 1,2.7,38.991493,-77.026153,38.989724,-77.023854,4,7,,0825ac97-1f3f-11e7-bf6b-3863bb334450,1,1,1729555645,True,2,"['key', 'creditcard']",True,11,https://dc.lft.to/lastmile_qr_scan,https://dc.lft.to/lastmile_qr_scan
New Hampshire Ave & Ward Pl NW,83,Mercy Me DC Restaurant,1143 New Hampshire Ave NW,8.9,0.9849607794434608,bar,38.904793,-77.047469,New Hampshire Ave & Ward Pl NW,99.18501321106942,Mercy Me,3.9,38.904794,-77.047581,38.90571079190728,-77.0473176240921,10,7,,082492e1-1f3f-11e7-bf6b-3863bb334450,1,1,1729555642,True,0,"['key', 'creditcard']",True,19,https://dc.lft.to/lastmile_qr_scan,https://dc.lft.to/lastmile_qr_scan
New Hampshire Ave & Ward Pl NW,172,Casta's,1121 New Hampshire Ave NW,7.9,0.9656269279767962,bar,38.90424,-77.047918,New Hampshire Ave & Ward Pl NW,164.4037071379119,Casta's Rum Bar,3.8,38.904351450522064,-77.04806494933628,38.90571079190728,-77.0473176240921,10,7,,082492e1-1f3f-11e7-bf6b-3863bb334450,1,1,1729555642,True,0,"['key', 'creditcard']",True,19,https://dc.lft.to/lastmile_qr_scan,https://dc.lft.to/lastmile_qr_scan
New Hampshire Ave & Ward Pl NW,447,Pisco y Nazca Ceviche Gastrobar,1823 L St NW,8.7,0.9831660083168412,bar,38.903993,-77.042751,New Hampshire Ave & Ward Pl NW,448.1703897155528,Pisco y Nazca Ceviche Gastrobar,4.6,38.90398223,-77.0426388,38.90571079190728,-77.0473176240921,10,7,,082492e1-1f3f-11e7-bf6b-3863bb334450,1,1,1729555642,True,0,"['key', 'creditcard']",True,19,https://dc.lft.to/lastmile_qr_scan,https://dc.lft.to/lastmile_qr_scan
New Hampshire Ave & Ward Pl NW,355,Park Hyatt Lounge and Bar,1201 24th St NW,8.1,0.9674136867323146,bar,38.905862,-77.051119,New Hampshire Ave & Ward Pl NW,335.6216904227998,Blue Duck Tavern,4.1,38.9055917636612,-77.0511932944776,38.90571079190728,-77.0473176240921,10,7,,082492e1-1f3f-11e7-bf6b-3863bb334450,1,1,1729555642,True,0,"['key', 'creditcard']",True,19,https://dc.lft.to/lastmile_qr_scan,https://dc.lft.to/lastmile_qr_scan
New Hampshire Ave & Ward Pl NW,152,Chef Geoff's West End,2201 M St NW,7.5,0.9883580247902762,bar,38.905547,-77.049148,New Hampshire Ave & Ward Pl NW,151.34583756463553,Chef Geoff's West End,4.3,38.90548157256578,-77.04904170345223,38.90571079190728,-77.0473176240921,10,7,,082492e1-1f3f-11e7-bf6b-3863bb334450,1,1,1729555642,True,0,"['key', 'creditcard']",True,19,https://dc.lft.to/lastmile_qr_scan,https://dc.lft.to/lastmile_qr_scan
New Hampshire Ave & Ward Pl NW,459,North Italia,2112 Pennsylvania Ave NW,8.1,0.9818519794562804,bar,38.90149,-77.047972,New Hampshire Ave & Ward Pl NW,477.7840822924348,North Italia,4.1,38.90142,-77.04761,38.90571079190728,-77.0473176240921,10,7,,082492e1-1f3f-11e7-bf6b-3863bb334450,1,1,1729555642,True,0,"['key', 'creditcard']",True,19,https://dc.lft.to/lastmile_qr_scan,https://dc.lft.to/lastmile_qr_scan
Market Square / King St & Royal St,111,Basin Street Lounge,219 King St,8.2,0.967129135538954,bar,38.804663,-77.042046,Market Square / King St & Royal St,116.0312575475085,The 219 Restaurant,3.2,38.8046067,-77.0420316,38.804718,-77.043363,13,1,,082539e0-1f3f-11e7-bf6b-3863bb334450,1,1,1729555698,True,2,"['key', 'creditcard']",True,15,https://dc.lft.to/lastmile_qr_scan,https://dc.lft.to/lastmile_qr_scan
Market Square / King St & Royal St,82,Grape + Bean,118 S Royal St,7.9,0.2837246531483458,bar,38.803947,-77.043571,Market Square / King St & Royal St,85.86141598633333,Brut Champagne and Wine Bar,4.4,38.803966,-77.043588,38.804718,-77.043363,13,1,,082539e0-1f3f-11e7-bf6b-3863bb334450,1,1,1729555698,True,2,"['key', 'creditcard']",True,15,https://dc.lft.to/lastmile_qr_scan,https://dc.lft.to/lastmile_qr_scan
Market Square / King St & Royal St,291,Virtue Feed and Grain,106 S Union St,8.1,0.9929028815368196,bar,38.803768,-77.040062,Market Square / King St & Royal St,303.87065520057024,Virtue Feed & Grain,3.9,38.803799,-77.04006048895491,38.804718,-77.043363,13,1,,082539e0-1f3f-11e7-bf6b-3863bb334450,1,1,1729555698,True,2,"['key', 'creditcard']",True,15,https://dc.lft.to/lastmile_qr_scan,https://dc.lft.to/lastmile_qr_scan
Westpark & Jones Branch Dr,257,The Atrium Lounge,7920 Jones Branch Dr,6.1,0.9557066715677264,bar,38.926523,-77.216129,Westpark & Jones Branch Dr,273.9390504373314,HÃ¤rth,3.7,38.92654,-77.21605,38.924437,-77.217664,2,9,,0826366d-1f3f-11e7-bf6b-3863bb334450,1,1,1729555669,True,0,"['key', 'creditcard']",True,11,https://dc.lft.to/lastmile_qr_scan,https://dc.lft.to/lastmile_qr_scan
Temporary Rd & Old Reston Ave,261,The Capital Burger,11853 Market St,7.9,0.9952915685185648,bar,38.958522,-77.355673,Temporary Rd & Old Reston Ave,261.0495667424869,The Capital Burger,3.8,38.958523893222505,-77.35567009794742,38.960084,-77.353414,4,6,,08263d19-1f3f-11e7-bf6b-3863bb334450,1,1,1729555606,True,0,"['key', 'creditcard']",True,11,https://dc.lft.to/lastmile_qr_scan,https://dc.lft.to/lastmile_qr_scan
Temporary Rd & Old Reston Ave,261,The Capital Burger,11853 Market St,7.9,0.9952915685185648,bar,38.958522,-77.355673,W&OD Trail/Sunset Hills Rd & Old Reston Ave,517.3213444725618,The Capital Burger,3.8,38.958523893222505,-77.35567009794742,38.960084,-77.353414,4,6,,08263d19-1f3f-11e7-bf6b-3863bb334450,1,1,1729555606,True,0,"['key', 'creditcard']",True,11,https://dc.lft.to/lastmile_qr_scan,https://dc.lft.to/lastmile_qr_scan
Carlin Springs Rd & N Thomas St,402,Mussel Bar & Grille,800 N Glebe Rd,8.2,0.9596455272349392,bar,38.880198,-77.114688,Carlin Springs Rd & N Thomas St,398.176750547385,Mussel Bar & Grille - Arlington,3.7,38.88001041964118,-77.11472008787808,38.876695,-77.112982,4,10,,08264392-1f3f-11e7-bf6b-3863bb334450,1,1,1729555668,True,0,"['key', 'creditcard']",True,15,https://dc.lft.to/lastmile_qr_scan,https://dc.lft.to/lastmile_qr_scan
Carlin Springs Rd & N Thomas St,402,Mussel Bar & Grille,800 N Glebe Rd,8.2,0.9596455272349392,bar,38.880198,-77.114688,Fairfax Dr & N Taylor St,317.88153060343143,Mussel Bar & Grille - Arlington,3.7,38.88001041964118,-77.11472008787808,38.876695,-77.112982,4,10,,08264392-1f3f-11e7-bf6b-3863bb334450,1,1,1729555668,True,0,"['key', 'creditcard']",True,15,https://dc.lft.to/lastmile_qr_scan,https://dc.lft.to/lastmile_qr_scan
Carlin Springs Rd & N Thomas St,428,Punch Bowl Social,4238 Wilson Blvd,7.0,0.9852206795023526,bar,38.87966,-77.11101,Carlin Springs Rd & N Thomas St,359.65183099836025,Superette,4.7,38.87934142356522,-77.11059329999999,38.876695,-77.112982,4,10,,08264392-1f3f-11e7-bf6b-3863bb334450,1,1,1729555668,True,0,"['key', 'creditcard']",True,15,https://dc.lft.to/lastmile_qr_scan,https://dc.lft.to/lastmile_qr_scan
Carlin Springs Rd & N Thomas St,428,Punch Bowl Social,4238 Wilson Blvd,7.0,0.9852206795023526,bar,38.87966,-77.11101,Carlin Springs Rd & N Thomas St,312.3604997049584,WHINO,4.1,38.8788598,-77.1106824,38.876695,-77.112982,4,10,,08264392-1f3f-11e7-bf6b-3863bb334450,1,1,1729555668,True,0,"['key', 'creditcard']",True,15,https://dc.lft.to/lastmile_qr_scan,https://dc.lft.to/lastmile_qr_scan
Carlin Springs Rd & N Thomas St,428,Punch Bowl Social,4238 Wilson Blvd,7.0,0.9852206795023526,bar,38.87966,-77.11101,Fairfax Dr & N Taylor St,390.5704817035729,Superette,4.7,38.87934142356522,-77.11059329999999,38.876695,-77.112982,4,10,,08264392-1f3f-11e7-bf6b-3863bb334450,1,1,1729555668,True,0,"['key', 'creditcard']",True,15,https://dc.lft.to/lastmile_qr_scan,https://dc.lft.to/lastmile_qr_scan
Carlin Springs Rd & N Thomas St,428,Punch Bowl Social,4238 Wilson Blvd,7.0,0.9852206795023526,bar,38.87966,-77.11101,Fairfax Dr & N Taylor St,435.1012211776544,WHINO,4.1,38.8788598,-77.1106824,38.876695,-77.112982,4,10,,08264392-1f3f-11e7-bf6b-3863bb334450,1,1,1729555668,True,0,"['key', 'creditcard']",True,15,https://dc.lft.to/lastmile_qr_scan,https://dc.lft.to/lastmile_qr_scan
Carlin Springs Rd & N Thomas St,428,Punch Bowl Social,4238 Wilson Blvd,7.0,0.9852206795023526,bar,38.87966,-77.11101,Wilson Blvd & N Quincy St,248.56508539004145,Superette,4.7,38.87934142356522,-77.11059329999999,38.876695,-77.112982,4,10,,08264392-1f3f-11e7-bf6b-3863bb334450,1,1,1729555668,True,0,"['key', 'creditcard']",True,15,https://dc.lft.to/lastmile_qr_scan,https://dc.lft.to/lastmile_qr_scan
Carlin Springs Rd & N Thomas St,428,Punch Bowl Social,4238 Wilson Blvd,7.0,0.9852206795023526,bar,38.87966,-77.11101,Wilson Blvd & N Quincy St,276.32696742592464,WHINO,4.1,38.8788598,-77.1106824,38.876695,-77.112982,4,10,,08264392-1f3f-11e7-bf6b-3863bb334450,1,1,1729555668,True,0,"['key', 'creditcard']",True,15,https://dc.lft.to/lastmile_qr_scan,https://dc.lft.to/lastmile_qr_scan
Carlin Springs Rd & N Thomas St,447,Hawkers Asian Street Food,4201 Wilson Blvd,6.9,0.9845856305747192,bar,38.880409,-77.110835,Carlin Springs Rd & N Thomas St,456.6255631764524,Hawkers Asian Street Food,4.4,38.88033,-77.1111,38.876695,-77.112982,4,10,,08264392-1f3f-11e7-bf6b-3863bb334450,1,1,1729555668,True,0,"['key', 'creditcard']",True,15,https://dc.lft.to/lastmile_qr_scan,https://dc.lft.to/lastmile_qr_scan
Carlin Springs Rd & N Thomas St,447,Hawkers Asian Street Food,4201 Wilson Blvd,6.9,0.9845856305747192,bar,38.880409,-77.110835,Fairfax Dr & N Taylor St,267.01002479393543,Hawkers Asian Street Food,4.4,38.88033,-77.1111,38.876695,-77.112982,4,10,,08264392-1f3f-11e7-bf6b-3863bb334450,1,1,1729555668,True,0,"['key', 'creditcard']",True,15,https://dc.lft.to/lastmile_qr_scan,https://dc.lft.to/lastmile_qr_scan
Carlin Springs Rd & N Thomas St,447,Hawkers Asian Street Food,4201 Wilson Blvd,6.9,0.9845856305747192,bar,38.880409,-77.110835,Wilson Blvd & N Quincy St,272.3243059561376,Hawkers Asian Street Food,4.4,38.88033,-77.1111,38.876695,-77.112982,4,10,,08264392-1f3f-11e7-bf6b-3863bb334450,1,1,1729555668,True,0,"['key', 'creditcard']",True,15,https://dc.lft.to/lastmile_qr_scan,https://dc.lft.to/lastmile_qr_scan
Carlin Springs Rd & N Thomas St,362,Whino,4238 Wilson Blvd,5.5,0.964264064890454,bar,38.87961,-77.110963,Carlin Springs Rd & N Thomas St,359.65183099836025,Superette,4.7,38.87934142356522,-77.11059329999999,38.876695,-77.112982,4,10,,08264392-1f3f-11e7-bf6b-3863bb334450,1,1,1729555668,True,0,"['key', 'creditcard']",True,15,https://dc.lft.to/lastmile_qr_scan,https://dc.lft.to/lastmile_qr_scan
Carlin Springs Rd & N Thomas St,362,Whino,4238 Wilson Blvd,5.5,0.964264064890454,bar,38.87961,-77.110963,Carlin Springs Rd & N Thomas St,312.3604997049584,WHINO,4.1,38.8788598,-77.1106824,38.876695,-77.112982,4,10,,08264392-1f3f-11e7-bf6b-3863bb334450,1,1,1729555668,True,0,"['key', 'creditcard']",True,15,https://dc.lft.to/lastmile_qr_scan,https://dc.lft.to/lastmile_qr_scan
Carlin Springs Rd & N Thomas St,362,Whino,4238 Wilson Blvd,5.5,0.964264064890454,bar,38.87961,-77.110963,Fairfax Dr & N Taylor St,390.5704817035729,Superette,4.7,38.87934142356522,-77.11059329999999,38.876695,-77.112982,4,10,,08264392-1f3f-11e7-bf6b-3863bb334450,1,1,1729555668,True,0,"['key', 'creditcard']",True,15,https://dc.lft.to/lastmile_qr_scan,https://dc.lft.to/lastmile_qr_scan
Carlin Springs Rd & N Thomas St,362,Whino,4238 Wilson Blvd,5.5,0.964264064890454,bar,38.87961,-77.110963,Fairfax Dr & N Taylor St,435.1012211776544,WHINO,4.1,38.8788598,-77.1106824,38.876695,-77.112982,4,10,,08264392-1f3f-11e7-bf6b-3863bb334450,1,1,1729555668,True,0,"['key', 'creditcard']",True,15,https://dc.lft.to/lastmile_qr_scan,https://dc.lft.to/lastmile_qr_scan
Carlin Springs Rd & N Thomas St,362,Whino,4238 Wilson Blvd,5.5,0.964264064890454,bar,38.87961,-77.110963,Wilson Blvd & N Quincy St,248.56508539004145,Superette,4.7,38.87934142356522,-77.11059329999999,38.876695,-77.112982,4,10,,08264392-1f3f-11e7-bf6b-3863bb334450,1,1,1729555668,True,0,"['key', 'creditcard']",True,15,https://dc.lft.to/lastmile_qr_scan,https://dc.lft.to/lastmile_qr_scan
Carlin Springs Rd & N Thomas St,362,Whino,4238 Wilson Blvd,5.5,0.964264064890454,bar,38.87961,-77.110963,Wilson Blvd & N Quincy St,276.32696742592464,WHINO,4.1,38.8788598,-77.1106824,38.876695,-77.112982,4,10,,08264392-1f3f-11e7-bf6b-3863bb334450,1,1,1729555668,True,0,"['key', 'creditcard']",True,15,https://dc.lft.to/lastmile_qr_scan,https://dc.lft.to/lastmile_qr_scan
Adams Mill & Columbia Rd NW,25,Taqueria Al Lado,1792 Columbia Rd NW,8.3,0.9742001650548446,bar,38.922667,-77.042355,Adams Mill & Columbia Rd NW,29.34474875920958,Taqueria Al Lado,4.0,38.9227,-77.04226,38.9228491613136,-77.04252451658249,11,4,,08247632-1f3f-11e7-bf6b-3863bb334450,1,1,1729555692,True,8,"['key', 'creditcard']",True,19,https://dc.lft.to/lastmile_qr_scan,https://dc.lft.to/lastmile_qr_scan
Adams Mill & Columbia Rd NW,208,Lapis,1847 Columbia Rd NW,9.1,0.9785669073048788,bar,38.921365,-77.043949,Adams Mill & Columbia Rd NW,199.86673532557157,Lapis,4.3,38.9212443139038,-77.0436972509161,38.9228491613136,-77.04252451658249,11,4,,08247632-1f3f-11e7-bf6b-3863bb334450,1,1,1729555692,True,8,"['key', 'creditcard']",True,19,https://dc.lft.to/lastmile_qr_scan,https://dc.lft.to/lastmile_qr_scan
Adams Mill & Columbia Rd NW,90,Bossa,2463 18th St NW,7.8,0.9438332785821308,school,38.922046,-77.042123,Adams Mill & Columbia Rd NW,87.88696360149957,Bossa,3.6,38.9220876263576,-77.04225252972181,38.9228491613136,-77.04252451658249,11,4,,08247632-1f3f-11e7-bf6b-3863bb334450,1,1,1729555692,True,8,"['key', 'creditcard']",True,19,https://dc.lft.to/lastmile_qr_scan,https://dc.lft.to/lastmile_qr_scan
Adams Mill & Columbia Rd NW,261,Grand Duchess,2337 18th St NW,6.9,0.9781422516365268,bar,38.920542,-77.041588,Adams Mill & Columbia Rd NW,260.6468576280667,Grand Duchess,4.4,38.9206,-77.04166,38.9228491613136,-77.04252451658249,11,4,,08247632-1f3f-11e7-bf6b-3863bb334450,1,1,1729555692,True,8,"['key', 'creditcard']",True,19,https://dc.lft.to/lastmile_qr_scan,https://dc.lft.to/lastmile_qr_scan
Adams Mill & Columbia Rd NW,227,Tiki On 18th,2411 18th St NW,6.8,0.9798248495677324,bar,38.920958,-77.041715,Adams Mill & Columbia Rd NW,228.82628984492604,Tiki On 18th,4.0,38.9208884,-77.0417215,38.9228491613136,-77.04252451658249,11,4,,08247632-1f3f-11e7-bf6b-3863bb334450,1,1,1729555692,True,8,"['key', 'creditcard']",True,19,https://dc.lft.to/lastmile_qr_scan,https://dc.lft.to/lastmile_qr_scan
Adams Mill & Columbia Rd NW,227,Tiki On 18th,2411 18th St NW,6.8,0.9798248495677324,bar,38.920958,-77.041715,Adams Mill & Columbia Rd NW,228.53919129336523,The Game Sports Pub,4.4,38.92087,-77.04175,38.9228491613136,-77.04252451658249,11,4,,08247632-1f3f-11e7-bf6b-3863bb334450,1,1,1729555692,True,8,"['key', 'creditcard']",True,19,https://dc.lft.to/lastmile_qr_scan,https://dc.lft.to/lastmile_qr_scan
Grandview & Blueridge Ave,374,GISELE'S Creole Cuisine,2407 Price Ave,8.1,0.9604612850082372,bar,39.040375,-77.050687,Grandview & Blueridge Ave,382.8053204824312,Gisele's Creole Cuisine,4.0,39.04035475444944,-77.05073142386922,39.043272,-77.053085,8,7,,08265262-1f3f-11e7-bf6b-3863bb334450,1,1,1729555634,True,0,"['key', 'creditcard']",True,15,https://dc.lft.to/lastmile_qr_scan,https://dc.lft.to/lastmile_qr_scan
Grandview & Blueridge Ave,341,Unplugged Restaurant & Sports Bar,11305 Georgia Ave,7.5,0.909155095316545,bar,39.040563,-77.051129,Grandview & Blueridge Ave,340.98609022983237,Unplugged Restaurant & Sports Bar,3.7,39.04059688160101,-77.05115476196717,39.043272,-77.053085,8,7,,08265262-1f3f-11e7-bf6b-3863bb334450,1,1,1729555634,True,0,"['key', 'creditcard']",True,15,https://dc.lft.to/lastmile_qr_scan,https://dc.lft.to/lastmile_qr_scan
Maine Ave & Water St SW,154,Moonraker,655 Water St SW,8.1,0.9929170639467336,bar,38.877571,-77.02247,Maine Ave & Water St SW,85.43341520863808,Moonraker,3.7,38.877694,-77.022429,38.87674677186661,-77.02094480395317,17,0,,a41e5bd2-b599-4c47-a36f-31ffa2e2dd0b,1,1,1729555627,True,2,"['key', 'creditcard']",True,19,https://dc.lft.to/lastmile_qr_scan,https://dc.lft.to/lastmile_qr_scan
Maine Ave & Water St SW,328,Boardwalk Bar & Arcade,715 Wharf St SW,7.5,0.9928689897201278,bar,38.878544,-77.024002,Maine Ave & Water St SW,329.1697950454971,Boardwalk Bar & Arcade,3.0,38.87848,-77.02399,38.87674677186661,-77.02094480395317,17,0,,a41e5bd2-b599-4c47-a36f-31ffa2e2dd0b,1,1,1729555627,True,2,"['key', 'creditcard']",True,19,https://dc.lft.to/lastmile_qr_scan,https://dc.lft.to/lastmile_qr_scan
Maine Ave & Water St SW,353,Pearl Street Warehouse,33 Pearl St SW,7.3,0.9684472826043412,bar,38.878923,-77.02383,Maine Ave & Water St SW,350.82581130820495,Pearl Street Warehouse,3.5,38.8788478898824,-77.02396817398292,38.87674677186661,-77.02094480395317,17,0,,a41e5bd2-b599-4c47-a36f-31ffa2e2dd0b,1,1,1729555627,True,2,"['key', 'creditcard']",True,19,https://dc.lft.to/lastmile_qr_scan,https://dc.lft.to/lastmile_qr_scan
Maine Ave & Water St SW,293,Whiskey Charlie,975 7th St SW,6.6,0.9527350228753196,bar,38.878576,-77.023416,Maine Ave & Water St SW,300.3771071589123,Whiskey Charlie,3.5,38.878358,-77.02373,38.87674677186661,-77.02094480395317,17,0,,a41e5bd2-b599-4c47-a36f-31ffa2e2dd0b,1,1,1729555627,True,2,"['key', 'creditcard']",True,19,https://dc.lft.to/lastmile_qr_scan,https://dc.lft.to/lastmile_qr_scan
University Dr & Democracy Ln,263,The Wine House,3950 University Dr,8.4,0.9404934687953556,bar,38.847384,-77.305246,South St & University Dr,306.66955738416203,The Wine House,3.8,38.8469944149256,-77.3049987852573,38.849411,-77.304435,2,9,,1875304680551764838,1,1,1729555634,True,0,"['key', 'creditcard']",True,12,https://dc.lft.to/lastmile_qr_scan,https://dc.lft.to/lastmile_qr_scan
University Dr & Democracy Ln,263,The Wine House,3950 University Dr,8.4,0.9404934687953556,bar,38.847384,-77.305246,University Dr & Democracy Ln,273.1111956179371,The Wine House,3.8,38.8469944149256,-77.3049987852573,38.849411,-77.304435,2,9,,1875304680551764838,1,1,1729555634,True,0,"['key', 'creditcard']",True,12,https://dc.lft.to/lastmile_qr_scan,https://dc.lft.to/lastmile_qr_scan
University Dr & Democracy Ln,291,21 Great American Bistro,10427 North St,7.6,0.7813255926463474,bar,38.846744,-77.305345,South St & University Dr,277.68573043117476,ONE Bar & Grill,4.7,38.846742,-77.305464,38.849411,-77.304435,2,9,,1875304680551764838,1,1,1729555634,True,0,"['key', 'creditcard']",True,12,https://dc.lft.to/lastmile_qr_scan,https://dc.lft.to/lastmile_qr_scan
University Dr & Democracy Ln,291,21 Great American Bistro,10427 North St,7.6,0.7813255926463474,bar,38.846744,-77.305345,University Dr & Democracy Ln,309.88833215306477,ONE Bar & Grill,4.7,38.846742,-77.305464,38.849411,-77.304435,2,9,,1875304680551764838,1,1,1729555634,True,0,"['key', 'creditcard']",True,12,https://dc.lft.to/lastmile_qr_scan,https://dc.lft.to/lastmile_qr_scan
University Dr & Democracy Ln,278,Ornery Beer Company,3950 University Dr,7.3,0.964521851314304,bar,38.847124,-77.305176,South St & University Dr,306.66955738416203,The Wine House,3.8,38.8469944149256,-77.3049987852573,38.849411,-77.304435,2,9,,1875304680551764838,1,1,1729555634,True,0,"['key', 'creditcard']",True,12,https://dc.lft.to/lastmile_qr_scan,https://dc.lft.to/lastmile_qr_scan
University Dr & Democracy Ln,278,Ornery Beer Company,3950 University Dr,7.3,0.964521851314304,bar,38.847124,-77.305176,University Dr & Democracy Ln,273.1111956179371,The Wine House,3.8,38.8469944149256,-77.3049987852573,38.849411,-77.304435,2,9,,1875304680551764838,1,1,1729555634,True,0,"['key', 'creditcard']",True,12,https://dc.lft.to/lastmile_qr_scan,https://dc.lft.to/lastmile_qr_scan
Metro Park Dr & Walker Ln ,411,Chili's Grill & Bar,6250 Inter Parcel Rd,7.1,0.9984186997639346,bar,38.7649,-77.155279,Metro Park Dr & Walker Ln ,409.6160474890475,Chili's,2.7,38.764872,-77.15528,38.76843,-77.156504,3,8,,1957669092295526720,1,1,1729555635,True,1,"['key', 'creditcard']",True,12,https://dc.lft.to/lastmile_qr_scan,https://dc.lft.to/lastmile_qr_scan
Wilson Blvd & N Oak St,262,Salt,1201 Wilson Blvd,7.9,0.955431111624282,bar,38.895469,-77.071199,Wilson Blvd & N Oak St,258.40726085601847,Salt,4.5,38.89571577172282,-77.07099243299325,38.895068,-77.07386,3,14,,83c9bc80-bc42-4e5d-9f5e-6c24812e6e37,1,1,1729555695,True,2,"['key', 'creditcard']",True,17,https://dc.lft.to/lastmile_qr_scan,https://dc.lft.to/lastmile_qr_scan
Wilson Blvd & N Oak St,310,Barley Mac,1600 Wilson Blvd,7.8,0.972288774066911,bar,38.89403,-77.077244,Wilson Blvd & N Oak St,321.66414566034365,Barley Mac,3.9,38.89409662686991,-77.07736099510652,38.895068,-77.07386,3,14,,83c9bc80-bc42-4e5d-9f5e-6c24812e6e37,1,1,1729555695,True,2,"['key', 'creditcard']",True,17,https://dc.lft.to/lastmile_qr_scan,https://dc.lft.to/lastmile_qr_scan
Wilson Blvd & N Oak St,310,Barley Mac,1600 Wilson Blvd,7.8,0.972288774066911,bar,38.89403,-77.077244,Wilson Blvd & N Troy St,443.5971932246646,Barley Mac,3.9,38.89409662686991,-77.07736099510652,38.895068,-77.07386,3,14,,83c9bc80-bc42-4e5d-9f5e-6c24812e6e37,1,1,1729555695,True,2,"['key', 'creditcard']",True,17,https://dc.lft.to/lastmile_qr_scan,https://dc.lft.to/lastmile_qr_scan
Wilson Blvd & N Oak St,415,Quinn's On The Corner,1776 Wilson Blvd,6.5,0.970556822446093,bar,38.893861,-77.078406,Wilson Blvd & N Oak St,417.23909130358334,Quinn's On The Corner,3.9,38.89363,-77.07817,38.895068,-77.07386,3,14,,83c9bc80-bc42-4e5d-9f5e-6c24812e6e37,1,1,1729555695,True,2,"['key', 'creditcard']",True,17,https://dc.lft.to/lastmile_qr_scan,https://dc.lft.to/lastmile_qr_scan
Wilson Blvd & N Oak St,415,Quinn's On The Corner,1776 Wilson Blvd,6.5,0.970556822446093,bar,38.893861,-77.078406,Wilson Blvd & N Troy St,348.05587632019194,Quinn's On The Corner,3.9,38.89363,-77.07817,38.895068,-77.07386,3,14,,83c9bc80-bc42-4e5d-9f5e-6c24812e6e37,1,1,1729555695,True,2,"['key', 'creditcard']",True,17,https://dc.lft.to/lastmile_qr_scan,https://dc.lft.to/lastmile_qr_scan
Park Rd & Holmead Pl NW,307,El Chucho Cocina Superior,3313 11th St NW,8.8,0.971235587747482,bar,38.931069,-77.027788,Park Rd & Holmead Pl NW,309.7953458176025,El Chucho,3.6,38.931091,-77.027794,38.9308,-77.0315,19,12,,08247e59-1f3f-11e7-bf6b-3863bb334450,1,1,1729555667,True,19,"['key', 'creditcard']",True,35,https://dc.lft.to/lastmile_qr_scan,https://dc.lft.to/lastmile_qr_scan
Park Rd & Holmead Pl NW,307,El Chucho Cocina Superior,3313 11th St NW,8.8,0.971235587747482,bar,38.931069,-77.027788,Columbia Rd & Georgia Ave NW,485.5586250334997,El Chucho,3.6,38.931091,-77.027794,38.9308,-77.0315,19,12,,08247e59-1f3f-11e7-bf6b-3863bb334450,1,1,1729555667,True,19,"['key', 'creditcard']",True,35,https://dc.lft.to/lastmile_qr_scan,https://dc.lft.to/lastmile_qr_scan
Park Rd & Holmead Pl NW,300,Queens English,3410 11th St NW,8.1,0.9404039837509114,bar,38.932138,-77.02853,Park Rd & Holmead Pl NW,297.08444352362704,Queen's English,4.0,38.93213,-77.02859,38.9308,-77.0315,19,12,,08247e59-1f3f-11e7-bf6b-3863bb334450,1,1,1729555667,True,19,"['key', 'creditcard']",True,35,https://dc.lft.to/lastmile_qr_scan,https://dc.lft.to/lastmile_qr_scan
Park Rd & Holmead Pl NW,300,Queens English,3410 11th St NW,8.1,0.9404039837509114,bar,38.932138,-77.02853,Columbia Rd & Georgia Ave NW,609.4382375208041,Queen's English,4.0,38.93213,-77.02859,38.9308,-77.0315,19,12,,08247e59-1f3f-11e7-bf6b-3863bb334450,1,1,1729555667,True,19,"['key', 'creditcard']",True,35,https://dc.lft.to/lastmile_qr_scan,https://dc.lft.to/lastmile_qr_scan
Park Rd & Holmead Pl NW,333,The Wonderland Ballroom,1101 Kenyon St NW,7.4,0.9799049732787424,bar,38.929844,-77.027957,Park Rd & Holmead Pl NW,322.87307064412494,The Wonderland Ballroom,3.6,38.9299231202487,-77.0279416189186,38.9308,-77.0315,19,12,,08247e59-1f3f-11e7-bf6b-3863bb334450,1,1,1729555667,True,19,"['key', 'creditcard']",True,35,https://dc.lft.to/lastmile_qr_scan,https://dc.lft.to/lastmile_qr_scan
Park Rd & Holmead Pl NW,333,The Wonderland Ballroom,1101 Kenyon St NW,7.4,0.9799049732787424,bar,38.929844,-77.027957,Columbia Rd & Georgia Ave NW,410.88706327511386,The Wonderland Ballroom,3.6,38.9299231202487,-77.0279416189186,38.9308,-77.0315,19,12,,08247e59-1f3f-11e7-bf6b-3863bb334450,1,1,1729555667,True,19,"['key', 'creditcard']",True,35,https://dc.lft.to/lastmile_qr_scan,https://dc.lft.to/lastmile_qr_scan
Park Rd & Holmead Pl NW,312,RedRocks Columbia Heights,1036 Park Rd NW,7.2,0.948552565160608,bar,38.931695,-77.027936,Park Rd & Holmead Pl NW,315.67805353404975,RedRocks Columbia Heights,3.7,38.93169,-77.02804,38.9308,-77.0315,19,12,,08247e59-1f3f-11e7-bf6b-3863bb334450,1,1,1729555667,True,19,"['key', 'creditcard']",True,35,https://dc.lft.to/lastmile_qr_scan,https://dc.lft.to/lastmile_qr_scan
Park Rd & Holmead Pl NW,312,RedRocks Columbia Heights,1036 Park Rd NW,7.2,0.948552565160608,bar,38.931695,-77.027936,Columbia Rd & Georgia Ave NW,539.536015995337,RedRocks Columbia Heights,3.7,38.93169,-77.02804,38.9308,-77.0315,19,12,,08247e59-1f3f-11e7-bf6b-3863bb334450,1,1,1729555667,True,19,"['key', 'creditcard']",True,35,https://dc.lft.to/lastmile_qr_scan,https://dc.lft.to/lastmile_qr_scan
Park Rd & Holmead Pl NW,409,Tequila & Mezcal,3475 14th St NW,6.3,0.9814673856434336,bar,38.934415,-77.032348,Park Rd & Holmead Pl NW,408.00163815141696,Tequila & Mezcal,4.3,38.93442,-77.03244,38.9308,-77.0315,19,12,,08247e59-1f3f-11e7-bf6b-3863bb334450,1,1,1729555667,True,19,"['key', 'creditcard']",True,35,https://dc.lft.to/lastmile_qr_scan,https://dc.lft.to/lastmile_qr_scan
Connecticut Ave & McKinley St NW,84,Macon Bistro & Larder,5520 Connecticut Ave NW,7.6,0.9351318435664666,bar,38.963691,-77.075356,Connecticut Ave & McKinley St NW,91.99516373616416,Macon Bistro & Larder,3.8,38.96372,-77.075237,38.96454350924588,-77.07513481378555,9,9,,0825fbd3-1f3f-11e7-bf6b-3863bb334450,1,1,1729555688,True,2,"['key', 'creditcard']",True,19,https://dc.lft.to/lastmile_qr_scan,https://dc.lft.to/lastmile_qr_scan
Fairfax Dr & N Taylor St,304,Mussel Bar & Grille,800 N Glebe Rd,8.2,0.9596455272349392,bar,38.880198,-77.114688,Carlin Springs Rd & N Thomas St,398.176750547385,Mussel Bar & Grille - Arlington,3.7,38.88001041964118,-77.11472008787808,38.882425,-77.112754,5,6,,8dfb34e2-7f75-4359-a374-5bf5e86c4793,1,1,1729555661,True,0,"['key', 'creditcard']",True,11,https://dc.lft.to/lastmile_qr_scan,https://dc.lft.to/lastmile_qr_scan
Fairfax Dr & N Taylor St,304,Mussel Bar & Grille,800 N Glebe Rd,8.2,0.9596455272349392,bar,38.880198,-77.114688,Fairfax Dr & N Taylor St,317.88153060343143,Mussel Bar & Grille - Arlington,3.7,38.88001041964118,-77.11472008787808,38.882425,-77.112754,5,6,,8dfb34e2-7f75-4359-a374-5bf5e86c4793,1,1,1729555661,True,0,"['key', 'creditcard']",True,11,https://dc.lft.to/lastmile_qr_scan,https://dc.lft.to/lastmile_qr_scan
Fairfax Dr & N Taylor St,126,First Down Sports Bar & Grill,4213 Fairfax Dr,6.8,0.9808619345899604,bar,38.882492,-77.11139,Fairfax Dr & N Taylor St,129.67427410584787,First Down Sports Bar & Grill,3.8,38.882419,-77.1112559,38.882425,-77.112754,5,6,,8dfb34e2-7f75-4359-a374-5bf5e86c4793,1,1,1729555661,True,0,"['key', 'creditcard']",True,11,https://dc.lft.to/lastmile_qr_scan,https://dc.lft.to/lastmile_qr_scan
Fairfax Dr & N Taylor St,126,First Down Sports Bar & Grill,4213 Fairfax Dr,6.8,0.9808619345899604,bar,38.882492,-77.11139,Wilson Blvd & N Quincy St,397.92582390494374,First Down Sports Bar & Grill,3.8,38.882419,-77.1112559,38.882425,-77.112754,5,6,,8dfb34e2-7f75-4359-a374-5bf5e86c4793,1,1,1729555661,True,0,"['key', 'creditcard']",True,11,https://dc.lft.to/lastmile_qr_scan,https://dc.lft.to/lastmile_qr_scan
Fairfax Dr & N Taylor St,386,Punch Bowl Social,4238 Wilson Blvd,7.0,0.9852206795023526,bar,38.87966,-77.11101,Carlin Springs Rd & N Thomas St,359.65183099836025,Superette,4.7,38.87934142356522,-77.11059329999999,38.882425,-77.112754,5,6,,8dfb34e2-7f75-4359-a374-5bf5e86c4793,1,1,1729555661,True,0,"['key', 'creditcard']",True,11,https://dc.lft.to/lastmile_qr_scan,https://dc.lft.to/lastmile_qr_scan
Fairfax Dr & N Taylor St,386,Punch Bowl Social,4238 Wilson Blvd,7.0,0.9852206795023526,bar,38.87966,-77.11101,Carlin Springs Rd & N Thomas St,312.3604997049584,WHINO,4.1,38.8788598,-77.1106824,38.882425,-77.112754,5,6,,8dfb34e2-7f75-4359-a374-5bf5e86c4793,1,1,1729555661,True,0,"['key', 'creditcard']",True,11,https://dc.lft.to/lastmile_qr_scan,https://dc.lft.to/lastmile_qr_scan
Fairfax Dr & N Taylor St,386,Punch Bowl Social,4238 Wilson Blvd,7.0,0.9852206795023526,bar,38.87966,-77.11101,Fairfax Dr & N Taylor St,390.5704817035729,Superette,4.7,38.87934142356522,-77.11059329999999,38.882425,-77.112754,5,6,,8dfb34e2-7f75-4359-a374-5bf5e86c4793,1,1,1729555661,True,0,"['key', 'creditcard']",True,11,https://dc.lft.to/lastmile_qr_scan,https://dc.lft.to/lastmile_qr_scan
Fairfax Dr & N Taylor St,386,Punch Bowl Social,4238 Wilson Blvd,7.0,0.9852206795023526,bar,38.87966,-77.11101,Fairfax Dr & N Taylor St,435.1012211776544,WHINO,4.1,38.8788598,-77.1106824,38.882425,-77.112754,5,6,,8dfb34e2-7f75-4359-a374-5bf5e86c4793,1,1,1729555661,True,0,"['key', 'creditcard']",True,11,https://dc.lft.to/lastmile_qr_scan,https://dc.lft.to/lastmile_qr_scan
Fairfax Dr & N Taylor St,386,Punch Bowl Social,4238 Wilson Blvd,7.0,0.9852206795023526,bar,38.87966,-77.11101,Wilson Blvd & N Quincy St,248.56508539004145,Superette,4.7,38.87934142356522,-77.11059329999999,38.882425,-77.112754,5,6,,8dfb34e2-7f75-4359-a374-5bf5e86c4793,1,1,1729555661,True,0,"['key', 'creditcard']",True,11,https://dc.lft.to/lastmile_qr_scan,https://dc.lft.to/lastmile_qr_scan
Fairfax Dr & N Taylor St,386,Punch Bowl Social,4238 Wilson Blvd,7.0,0.9852206795023526,bar,38.87966,-77.11101,Wilson Blvd & N Quincy St,276.32696742592464,WHINO,4.1,38.8788598,-77.1106824,38.882425,-77.112754,5,6,,8dfb34e2-7f75-4359-a374-5bf5e86c4793,1,1,1729555661,True,0,"['key', 'creditcard']",True,11,https://dc.lft.to/lastmile_qr_scan,https://dc.lft.to/lastmile_qr_scan
Fairfax Dr & N Taylor St,306,Hawkers Asian Street Food,4201 Wilson Blvd,6.9,0.9845856305747192,bar,38.880409,-77.110835,Carlin Springs Rd & N Thomas St,456.6255631764524,Hawkers Asian Street Food,4.4,38.88033,-77.1111,38.882425,-77.112754,5,6,,8dfb34e2-7f75-4359-a374-5bf5e86c4793,1,1,1729555661,True,0,"['key', 'creditcard']",True,11,https://dc.lft.to/lastmile_qr_scan,https://dc.lft.to/lastmile_qr_scan
Fairfax Dr & N Taylor St,306,Hawkers Asian Street Food,4201 Wilson Blvd,6.9,0.9845856305747192,bar,38.880409,-77.110835,Fairfax Dr & N Taylor St,267.01002479393543,Hawkers Asian Street Food,4.4,38.88033,-77.1111,38.882425,-77.112754,5,6,,8dfb34e2-7f75-4359-a374-5bf5e86c4793,1,1,1729555661,True,0,"['key', 'creditcard']",True,11,https://dc.lft.to/lastmile_qr_scan,https://dc.lft.to/lastmile_qr_scan
Fairfax Dr & N Taylor St,306,Hawkers Asian Street Food,4201 Wilson Blvd,6.9,0.9845856305747192,bar,38.880409,-77.110835,Wilson Blvd & N Quincy St,272.3243059561376,Hawkers Asian Street Food,4.4,38.88033,-77.1111,38.882425,-77.112754,5,6,,8dfb34e2-7f75-4359-a374-5bf5e86c4793,1,1,1729555661,True,0,"['key', 'creditcard']",True,11,https://dc.lft.to/lastmile_qr_scan,https://dc.lft.to/lastmile_qr_scan
Veterans Pl & Pershing Dr ,475,Quarry House Tavern,8401 Georgia Ave,9.1,0.9983661461504516,bar,38.993536,-77.026436,Fenton St & Gist Ave,480.690847451791,Quarry House Tavern,4.0,38.9935582,-77.026423,38.997445,-77.023894,1,10,,0825e0a1-1f3f-11e7-bf6b-3863bb334450,1,1,1729555623,True,1,"['key', 'creditcard']",True,11,https://dc.lft.to/lastmile_qr_scan,https://dc.lft.to/lastmile_qr_scan
Veterans Pl & Pershing Dr ,475,Quarry House Tavern,8401 Georgia Ave,9.1,0.9983661461504516,bar,38.993536,-77.026436,Veterans Pl & Pershing Dr ,484.31063436897574,Quarry House Tavern,4.0,38.9935582,-77.026423,38.997445,-77.023894,1,10,,0825e0a1-1f3f-11e7-bf6b-3863bb334450,1,1,1729555623,True,1,"['key', 'creditcard']",True,11,https://dc.lft.to/lastmile_qr_scan,https://dc.lft.to/lastmile_qr_scan
Veterans Pl & Pershing Dr ,215,McGinty's Public House,911 Ellsworth Dr,6.7,0.9990408774296228,bar,38.996359,-77.026092,Veterans Pl & Pershing Dr ,227.7792216100788,Comedy Shows Near Me,0.0,38.996515786979714,-77.026243,38.997445,-77.023894,1,10,,0825e0a1-1f3f-11e7-bf6b-3863bb334450,1,1,1729555623,True,1,"['key', 'creditcard']",True,11,https://dc.lft.to/lastmile_qr_scan,https://dc.lft.to/lastmile_qr_scan
Veterans Pl & Pershing Dr ,238,Dave & Buster's,8661 Colesville Rd,6.2,0.9985095530025758,bar,38.997063,-77.026756,Veterans Pl & Pershing Dr ,275.9295342759147,Dave & Buster's Silver Spring,2.5,38.99712735959772,-77.02706070083745,38.997445,-77.023894,1,10,,0825e0a1-1f3f-11e7-bf6b-3863bb334450,1,1,1729555623,True,1,"['key', 'creditcard']",True,11,https://dc.lft.to/lastmile_qr_scan,https://dc.lft.to/lastmile_qr_scan
Hartland Rd & Harte Pl,343,Open Road Grill & Icehouse,8100 Lee Hwy,8.2,0.995394406326996,bar,38.875733,-77.22382,Hartland Rd & Harte Pl,349.30398641563596,Open Road Grill,3.9,38.8756358802637,-77.224140616334,38.878601,-77.222808,8,3,,c271d265-76c8-49f9-9b3c-b9490fb97ac0,1,1,1729555644,True,0,"['key', 'creditcard']",True,11,https://dc.lft.to/lastmile_qr_scan,https://dc.lft.to/lastmile_qr_scan
Founders Row/W Broad St & West St,413,Spacebar,709 W Broad St,7.9,0.958303635067712,bar,38.887422,-77.179944,Founders Row/W Broad St & West St,408.4434479809605,Spacebar,4.2,38.887538,-77.179867,38.8901554,-77.183178,7,5,,37ea9197-6332-4bf7-8940-d3641f288869,1,1,1729555616,True,1,"['key', 'creditcard']",True,12,https://dc.lft.to/lastmile_qr_scan,https://dc.lft.to/lastmile_qr_scan
S Arlington Mill Dr & Campbell Ave,227,Copperwood Tavern,4021 Campbell Ave,8.5,0.9826227520711256,bar,38.841121,-77.087715,S Arlington Mill Dr & Campbell Ave,209.18356639169917,Copperwood Tavern,3.8,38.84104,-77.08761,38.84232,-77.089555,11,3,,08254dee-1f3f-11e7-bf6b-3863bb334450,1,1,1729555587,True,0,"['key', 'creditcard']",True,15,https://dc.lft.to/lastmile_qr_scan,https://dc.lft.to/lastmile_qr_scan
S Arlington Mill Dr & Campbell Ave,136,Big Buns Damn Good Burger Co.,4251 Campbell Ave,7.4,0.979447507432959,bar,38.84123,-77.089578,S Arlington Mill Dr & Campbell Ave,108.59507840538892,Ichiban Sushi & Ramen - Arlington,3.8,38.841296,-77.089554,38.84232,-77.089555,11,3,,08254dee-1f3f-11e7-bf6b-3863bb334450,1,1,1729555587,True,0,"['key', 'creditcard']",True,15,https://dc.lft.to/lastmile_qr_scan,https://dc.lft.to/lastmile_qr_scan
Bethesda Metro / Wisconsin Ave & Old Georgetown Rd,375,Black's Bar & Kitchen,7750 Woodmont Ave,8.7,0.9916968095596272,bar,38.987884,-77.096229,Bethesda Metro / Wisconsin Ave & Old Georgetown Rd,365.26997699844776,Black's Bar & Kitchen,3.7,38.9877899,-77.09631,38.984691,-77.094537,1,9,,0825f2b1-1f3f-11e7-bf6b-3863bb334450,1,1,1729555678,True,1,"['key', 'creditcard']",True,12,https://dc.lft.to/lastmile_qr_scan,https://dc.lft.to/lastmile_qr_scan
Bethesda Metro / Wisconsin Ave & Old Georgetown Rd,453,Hawkers Asian Street Food,7117 Bethesda Ln,8.2,0.9931145586666876,bar,38.981444,-77.097922,Offutt Ln & Chevy Chase Dr,578.7486390024516,Hawkers Asian Street Food,4.3,38.981561,-77.097674,38.984691,-77.094537,1,9,,0825f2b1-1f3f-11e7-bf6b-3863bb334450,1,1,1729555678,True,1,"['key', 'creditcard']",True,12,https://dc.lft.to/lastmile_qr_scan,https://dc.lft.to/lastmile_qr_scan
Bethesda Metro / Wisconsin Ave & Old Georgetown Rd,453,Hawkers Asian Street Food,7117 Bethesda Ln,8.2,0.9931145586666876,bar,38.981444,-77.097922,Bethesda Metro / Wisconsin Ave & Old Georgetown Rd,464.62300413795754,Hawkers Asian Street Food,4.3,38.981561,-77.097674,38.984691,-77.094537,1,9,,0825f2b1-1f3f-11e7-bf6b-3863bb334450,1,1,1729555678,True,1,"['key', 'creditcard']",True,12,https://dc.lft.to/lastmile_qr_scan,https://dc.lft.to/lastmile_qr_scan
Bethesda Metro / Wisconsin Ave & Old Georgetown Rd,268,The Barking Dog,4723 Elm St,6.4,0.9960083987865088,bar,38.982327,-77.095313,Bethesda Metro / Wisconsin Ave & Old Georgetown Rd,268.70192013228836,The Barking Dog,3.4,38.982336290072,-77.0952354889549,38.984691,-77.094537,1,9,,0825f2b1-1f3f-11e7-bf6b-3863bb334450,1,1,1729555678,True,1,"['key', 'creditcard']",True,12,https://dc.lft.to/lastmile_qr_scan,https://dc.lft.to/lastmile_qr_scan
Wisconsin Ave & Rodman St NW,97,Sidwell Friends School,3825 Wisconsin Ave NW,7.4,0.9910261443669024,school,38.939337,-77.074014,Wisconsin Ave & Rodman St NW,250.8458591615568,Sidwell Friends School,5.0,38.940373022293976,-77.07251928895441,38.939674172021654,-77.07527697086334,0,22,,c7402dc0-b498-47b0-8977-2b9d671a62bb,1,1,1729555670,True,0,"['key', 'creditcard']",True,23,https://dc.lft.to/lastmile_qr_scan,https://dc.lft.to/lastmile_qr_scan
Wilson Blvd & N Quincy St,182,Punch Bowl Social,4238 Wilson Blvd,7.0,0.9852206795023526,bar,38.87966,-77.11101,Carlin Springs Rd & N Thomas St,359.65183099836025,Superette,4.7,38.87934142356522,-77.11059329999999,38.880012,-77.107854,4,10,,08252a00-1f3f-11e7-bf6b-3863bb334450,1,1,1729555605,True,1,"['key', 'creditcard']",True,15,https://dc.lft.to/lastmile_qr_scan,https://dc.lft.to/lastmile_qr_scan
Wilson Blvd & N Quincy St,182,Punch Bowl Social,4238 Wilson Blvd,7.0,0.9852206795023526,bar,38.87966,-77.11101,Carlin Springs Rd & N Thomas St,312.3604997049584,WHINO,4.1,38.8788598,-77.1106824,38.880012,-77.107854,4,10,,08252a00-1f3f-11e7-bf6b-3863bb334450,1,1,1729555605,True,1,"['key', 'creditcard']",True,15,https://dc.lft.to/lastmile_qr_scan,https://dc.lft.to/lastmile_qr_scan
Wilson Blvd & N Quincy St,182,Punch Bowl Social,4238 Wilson Blvd,7.0,0.9852206795023526,bar,38.87966,-77.11101,Fairfax Dr & N Taylor St,390.5704817035729,Superette,4.7,38.87934142356522,-77.11059329999999,38.880012,-77.107854,4,10,,08252a00-1f3f-11e7-bf6b-3863bb334450,1,1,1729555605,True,1,"['key', 'creditcard']",True,15,https://dc.lft.to/lastmile_qr_scan,https://dc.lft.to/lastmile_qr_scan
Wilson Blvd & N Quincy St,182,Punch Bowl Social,4238 Wilson Blvd,7.0,0.9852206795023526,bar,38.87966,-77.11101,Fairfax Dr & N Taylor St,435.1012211776544,WHINO,4.1,38.8788598,-77.1106824,38.880012,-77.107854,4,10,,08252a00-1f3f-11e7-bf6b-3863bb334450,1,1,1729555605,True,1,"['key', 'creditcard']",True,15,https://dc.lft.to/lastmile_qr_scan,https://dc.lft.to/lastmile_qr_scan
Wilson Blvd & N Quincy St,182,Punch Bowl Social,4238 Wilson Blvd,7.0,0.9852206795023526,bar,38.87966,-77.11101,Wilson Blvd & N Quincy St,248.56508539004145,Superette,4.7,38.87934142356522,-77.11059329999999,38.880012,-77.107854,4,10,,08252a00-1f3f-11e7-bf6b-3863bb334450,1,1,1729555605,True,1,"['key', 'creditcard']",True,15,https://dc.lft.to/lastmile_qr_scan,https://dc.lft.to/lastmile_qr_scan
Wilson Blvd & N Quincy St,182,Punch Bowl Social,4238 Wilson Blvd,7.0,0.9852206795023526,bar,38.87966,-77.11101,Wilson Blvd & N Quincy St,276.32696742592464,WHINO,4.1,38.8788598,-77.1106824,38.880012,-77.107854,4,10,,08252a00-1f3f-11e7-bf6b-3863bb334450,1,1,1729555605,True,1,"['key', 'creditcard']",True,15,https://dc.lft.to/lastmile_qr_scan,https://dc.lft.to/lastmile_qr_scan
Wilson Blvd & N Quincy St,235,Hawkers Asian Street Food,4201 Wilson Blvd,6.9,0.9845856305747192,bar,38.880409,-77.110835,Carlin Springs Rd & N Thomas St,456.6255631764524,Hawkers Asian Street Food,4.4,38.88033,-77.1111,38.880012,-77.107854,4,10,,08252a00-1f3f-11e7-bf6b-3863bb334450,1,1,1729555605,True,1,"['key', 'creditcard']",True,15,https://dc.lft.to/lastmile_qr_scan,https://dc.lft.to/lastmile_qr_scan
Wilson Blvd & N Quincy St,235,Hawkers Asian Street Food,4201 Wilson Blvd,6.9,0.9845856305747192,bar,38.880409,-77.110835,Fairfax Dr & N Taylor St,267.01002479393543,Hawkers Asian Street Food,4.4,38.88033,-77.1111,38.880012,-77.107854,4,10,,08252a00-1f3f-11e7-bf6b-3863bb334450,1,1,1729555605,True,1,"['key', 'creditcard']",True,15,https://dc.lft.to/lastmile_qr_scan,https://dc.lft.to/lastmile_qr_scan
Wilson Blvd & N Quincy St,235,Hawkers Asian Street Food,4201 Wilson Blvd,6.9,0.9845856305747192,bar,38.880409,-77.110835,Wilson Blvd & N Quincy St,272.3243059561376,Hawkers Asian Street Food,4.4,38.88033,-77.1111,38.880012,-77.107854,4,10,,08252a00-1f3f-11e7-bf6b-3863bb334450,1,1,1729555605,True,1,"['key', 'creditcard']",True,15,https://dc.lft.to/lastmile_qr_scan,https://dc.lft.to/lastmile_qr_scan
Wilson Blvd & N Quincy St,405,First Down Sports Bar & Grill,4213 Fairfax Dr,6.8,0.9808619345899604,bar,38.882492,-77.11139,Fairfax Dr & N Taylor St,129.67427410584787,First Down Sports Bar & Grill,3.8,38.882419,-77.1112559,38.880012,-77.107854,4,10,,08252a00-1f3f-11e7-bf6b-3863bb334450,1,1,1729555605,True,1,"['key', 'creditcard']",True,15,https://dc.lft.to/lastmile_qr_scan,https://dc.lft.to/lastmile_qr_scan
Wilson Blvd & N Quincy St,405,First Down Sports Bar & Grill,4213 Fairfax Dr,6.8,0.9808619345899604,bar,38.882492,-77.11139,Wilson Blvd & N Quincy St,397.92582390494374,First Down Sports Bar & Grill,3.8,38.882419,-77.1112559,38.880012,-77.107854,4,10,,08252a00-1f3f-11e7-bf6b-3863bb334450,1,1,1729555605,True,1,"['key', 'creditcard']",True,15,https://dc.lft.to/lastmile_qr_scan,https://dc.lft.to/lastmile_qr_scan
Wilson Blvd & N Quincy St,284,Whino,4238 Wilson Blvd,5.5,0.964264064890454,bar,38.87961,-77.110963,Carlin Springs Rd & N Thomas St,359.65183099836025,Superette,4.7,38.87934142356522,-77.11059329999999,38.880012,-77.107854,4,10,,08252a00-1f3f-11e7-bf6b-3863bb334450,1,1,1729555605,True,1,"['key', 'creditcard']",True,15,https://dc.lft.to/lastmile_qr_scan,https://dc.lft.to/lastmile_qr_scan
Wilson Blvd & N Quincy St,284,Whino,4238 Wilson Blvd,5.5,0.964264064890454,bar,38.87961,-77.110963,Carlin Springs Rd & N Thomas St,312.3604997049584,WHINO,4.1,38.8788598,-77.1106824,38.880012,-77.107854,4,10,,08252a00-1f3f-11e7-bf6b-3863bb334450,1,1,1729555605,True,1,"['key', 'creditcard']",True,15,https://dc.lft.to/lastmile_qr_scan,https://dc.lft.to/lastmile_qr_scan
Wilson Blvd & N Quincy St,284,Whino,4238 Wilson Blvd,5.5,0.964264064890454,bar,38.87961,-77.110963,Fairfax Dr & N Taylor St,390.5704817035729,Superette,4.7,38.87934142356522,-77.11059329999999,38.880012,-77.107854,4,10,,08252a00-1f3f-11e7-bf6b-3863bb334450,1,1,1729555605,True,1,"['key', 'creditcard']",True,15,https://dc.lft.to/lastmile_qr_scan,https://dc.lft.to/lastmile_qr_scan
Wilson Blvd & N Quincy St,284,Whino,4238 Wilson Blvd,5.5,0.964264064890454,bar,38.87961,-77.110963,Fairfax Dr & N Taylor St,435.1012211776544,WHINO,4.1,38.8788598,-77.1106824,38.880012,-77.107854,4,10,,08252a00-1f3f-11e7-bf6b-3863bb334450,1,1,1729555605,True,1,"['key', 'creditcard']",True,15,https://dc.lft.to/lastmile_qr_scan,https://dc.lft.to/lastmile_qr_scan
Wilson Blvd & N Quincy St,284,Whino,4238 Wilson Blvd,5.5,0.964264064890454,bar,38.87961,-77.110963,Wilson Blvd & N Quincy St,248.56508539004145,Superette,4.7,38.87934142356522,-77.11059329999999,38.880012,-77.107854,4,10,,08252a00-1f3f-11e7-bf6b-3863bb334450,1,1,1729555605,True,1,"['key', 'creditcard']",True,15,https://dc.lft.to/lastmile_qr_scan,https://dc.lft.to/lastmile_qr_scan
Wilson Blvd & N Quincy St,284,Whino,4238 Wilson Blvd,5.5,0.964264064890454,bar,38.87961,-77.110963,Wilson Blvd & N Quincy St,276.32696742592464,WHINO,4.1,38.8788598,-77.1106824,38.880012,-77.107854,4,10,,08252a00-1f3f-11e7-bf6b-3863bb334450,1,1,1729555605,True,1,"['key', 'creditcard']",True,15,https://dc.lft.to/lastmile_qr_scan,https://dc.lft.to/lastmile_qr_scan
American University East Campus,409,Chef Geoff's,3201 New Mexico Ave NW,8.0,0.9813472000769188,bar,38.933037,-77.084831,American University East Campus,408.539993921454,Chef Geoff's,3.6,38.93311,-77.08475,38.936298,-77.087128,1,15,,ad6ec1ce-db22-47c1-acf3-507897d40725,1,1,1729555653,True,1,"['key', 'creditcard']",True,19,https://dc.lft.to/lastmile_qr_scan,https://dc.lft.to/lastmile_qr_scan
Eastern Market Metro,243,Barrel,613 Pennsylvania Ave SE,8.0,0.980065220700762,bar,38.884973,-76.997913,Eastern Market Metro,241.153160953604,Barrel,4.3,38.8851357980807,-76.9978595803566,38.884181,-76.995358,8,24,,1996328198078007666,1,1,1729555698,True,0,"['key', 'creditcard']",True,32,https://dc.lft.to/lastmile_qr_scan,https://dc.lft.to/lastmile_qr_scan
Eastern Market Metro,234,Betsy,514 8th St SE,7.7,0.9555954393583692,bar,38.882189,-76.994681,Eastern Market Metro,224.58459811798295,Betsy,4.1,38.88222794958307,-76.99469676016406,38.884181,-76.995358,8,24,,1996328198078007666,1,1,1729555698,True,0,"['key', 'creditcard']",True,32,https://dc.lft.to/lastmile_qr_scan,https://dc.lft.to/lastmile_qr_scan
Eastern Market Metro,368,Lola's Barracks Bar & Grill,711 8th St SE,6.6,0.966852820755246,bar,38.880842,-76.995176,Eastern Market Metro,372.30656752896135,Lola's A Neighborhood Bar,3.3,38.88083,-76.9953,38.884181,-76.995358,8,24,,1996328198078007666,1,1,1729555698,True,0,"['key', 'creditcard']",True,32,https://dc.lft.to/lastmile_qr_scan,https://dc.lft.to/lastmile_qr_scan
Wilson Blvd & N Troy St,454,Barley Mac,1600 Wilson Blvd,7.8,0.972288774066911,bar,38.89403,-77.077244,Wilson Blvd & N Oak St,321.66414566034365,Barley Mac,3.9,38.89409662686991,-77.07736099510652,38.892556,-77.082089,3,12,,d39e9b29-0ba7-453f-9f1e-b0a856d448b7,1,1,1729555585,True,3,"['key', 'creditcard']",True,15,https://dc.lft.to/lastmile_qr_scan,https://dc.lft.to/lastmile_qr_scan
Wilson Blvd & N Troy St,454,Barley Mac,1600 Wilson Blvd,7.8,0.972288774066911,bar,38.89403,-77.077244,Wilson Blvd & N Troy St,443.5971932246646,Barley Mac,3.9,38.89409662686991,-77.07736099510652,38.892556,-77.082089,3,12,,d39e9b29-0ba7-453f-9f1e-b0a856d448b7,1,1,1729555585,True,3,"['key', 'creditcard']",True,15,https://dc.lft.to/lastmile_qr_scan,https://dc.lft.to/lastmile_qr_scan
Wilson Blvd & N Troy St,350,Quinn's On The Corner,1776 Wilson Blvd,6.5,0.970556822446093,bar,38.893861,-77.078406,Wilson Blvd & N Oak St,417.23909130358334,Quinn's On The Corner,3.9,38.89363,-77.07817,38.892556,-77.082089,3,12,,d39e9b29-0ba7-453f-9f1e-b0a856d448b7,1,1,1729555585,True,3,"['key', 'creditcard']",True,15,https://dc.lft.to/lastmile_qr_scan,https://dc.lft.to/lastmile_qr_scan
Wilson Blvd & N Troy St,350,Quinn's On The Corner,1776 Wilson Blvd,6.5,0.970556822446093,bar,38.893861,-77.078406,Wilson Blvd & N Troy St,348.05587632019194,Quinn's On The Corner,3.9,38.89363,-77.07817,38.892556,-77.082089,3,12,,d39e9b29-0ba7-453f-9f1e-b0a856d448b7,1,1,1729555585,True,3,"['key', 'creditcard']",True,15,https://dc.lft.to/lastmile_qr_scan,https://dc.lft.to/lastmile_qr_scan
Wilson Blvd & N Troy St,469,Courthaus Social,2300 Clarendon Blvd,6.4,0.9810639956123892,bar,38.890027,-77.086687,Wilson Blvd & N Troy St,510.27192144877426,Courthaus Social,3.9,38.89029,-77.08641,38.892556,-77.082089,3,12,,d39e9b29-0ba7-453f-9f1e-b0a856d448b7,1,1,1729555585,True,3,"['key', 'creditcard']",True,15,https://dc.lft.to/lastmile_qr_scan,https://dc.lft.to/lastmile_qr_scan
John McCormack Rd & Michigan Ave NE,228,Brookland Pint,716 Monroe St NE,7.5,0.991611047457274,bar,38.932827,-76.995248,John McCormack Rd & Michigan Ave NE,234.86077159950503,Brookland Pint,3.4,38.9325075955497,-76.9951295317563,38.9346,-76.9955,0,10,,08247cac-1f3f-11e7-bf6b-3863bb334450,1,1,1729555698,True,0,"['key', 'creditcard']",True,11,https://dc.lft.to/lastmile_qr_scan,https://dc.lft.to/lastmile_qr_scan
Columbia Rd & Georgia Ave NW,161,Doubles,3118 Georgia Ave NW,8.9,0.973278742378232,bar,38.929545,-77.02371,Columbia Rd & Georgia Ave NW,166.00818892066567,Doubles,4.4,38.9296029509668,-77.0235609626942,38.92812111132096,-77.0237946510315,8,14,,0825164b-1f3f-11e7-bf6b-3863bb334450,1,1,1729555693,True,4,"['key', 'creditcard']",True,27,https://dc.lft.to/lastmile_qr_scan,https://dc.lft.to/lastmile_qr_scan
Columbia Rd & Georgia Ave NW,172,Sonny's Pizza,3120 Georgia Ave NW,8.8,0.9803616784314982,bar,38.92965,-77.023721,Columbia Rd & Georgia Ave NW,171.53360634189926,Sonny's Pizza,3.6,38.92968,-77.02362,38.92812111132096,-77.0237946510315,8,14,,0825164b-1f3f-11e7-bf6b-3863bb334450,1,1,1729555693,True,4,"['key', 'creditcard']",True,27,https://dc.lft.to/lastmile_qr_scan,https://dc.lft.to/lastmile_qr_scan
Columbia Rd & Georgia Ave NW,172,Sonny's Pizza,3120 Georgia Ave NW,8.8,0.9803616784314982,bar,38.92965,-77.023721,Columbia Rd & Georgia Ave NW,171.53360634189926,No Kisses Bar,4.0,38.92968,-77.02362,38.92812111132096,-77.0237946510315,8,14,,0825164b-1f3f-11e7-bf6b-3863bb334450,1,1,1729555693,True,4,"['key', 'creditcard']",True,27,https://dc.lft.to/lastmile_qr_scan,https://dc.lft.to/lastmile_qr_scan
Columbia Rd & Georgia Ave NW,159,No Kisses Bar,3120 Georgia Ave NW,8.2,0.9323675755366284,bar,38.92965,-77.023721,Columbia Rd & Georgia Ave NW,171.53360634189926,Sonny's Pizza,3.6,38.92968,-77.02362,38.92812111132096,-77.0237946510315,8,14,,0825164b-1f3f-11e7-bf6b-3863bb334450,1,1,1729555693,True,4,"['key', 'creditcard']",True,27,https://dc.lft.to/lastmile_qr_scan,https://dc.lft.to/lastmile_qr_scan
Columbia Rd & Georgia Ave NW,159,No Kisses Bar,3120 Georgia Ave NW,8.2,0.9323675755366284,bar,38.92965,-77.023721,Columbia Rd & Georgia Ave NW,171.53360634189926,No Kisses Bar,4.0,38.92968,-77.02362,38.92812111132096,-77.0237946510315,8,14,,0825164b-1f3f-11e7-bf6b-3863bb334450,1,1,1729555693,True,4,"['key', 'creditcard']",True,27,https://dc.lft.to/lastmile_qr_scan,https://dc.lft.to/lastmile_qr_scan
Columbia Rd & Georgia Ave NW,419,The Midlands,3333 Georgia Ave NW,8.8,0.9955451216678552,bar,38.931844,-77.023229,Columbia Rd & Georgia Ave NW,415.0922805739403,The Midlands Beer Garden,4.0,38.9318450441098,-77.0234600454569,38.92812111132096,-77.0237946510315,8,14,,0825164b-1f3f-11e7-bf6b-3863bb334450,1,1,1729555693,True,4,"['key', 'creditcard']",True,27,https://dc.lft.to/lastmile_qr_scan,https://dc.lft.to/lastmile_qr_scan
Columbia Rd & Georgia Ave NW,485,El Chucho Cocina Superior,3313 11th St NW,8.8,0.971235587747482,bar,38.931069,-77.027788,Park Rd & Holmead Pl NW,309.7953458176025,El Chucho,3.6,38.931091,-77.027794,38.92812111132096,-77.0237946510315,8,14,,0825164b-1f3f-11e7-bf6b-3863bb334450,1,1,1729555693,True,4,"['key', 'creditcard']",True,27,https://dc.lft.to/lastmile_qr_scan,https://dc.lft.to/lastmile_qr_scan
Columbia Rd & Georgia Ave NW,485,El Chucho Cocina Superior,3313 11th St NW,8.8,0.971235587747482,bar,38.931069,-77.027788,Columbia Rd & Georgia Ave NW,485.5586250334997,El Chucho,3.6,38.931091,-77.027794,38.92812111132096,-77.0237946510315,8,14,,0825164b-1f3f-11e7-bf6b-3863bb334450,1,1,1729555693,True,4,"['key', 'creditcard']",True,27,https://dc.lft.to/lastmile_qr_scan,https://dc.lft.to/lastmile_qr_scan
Columbia Rd & Georgia Ave NW,277,St Vincent Wine,3212 Georgia Ave NW,7.6,0.9693126186832468,bar,38.930441,-77.02376,Columbia Rd & Georgia Ave NW,258.84353548255757,St Vincent Wine,3.9,38.93044886354697,-77.0237689,38.92812111132096,-77.0237946510315,8,14,,0825164b-1f3f-11e7-bf6b-3863bb334450,1,1,1729555693,True,4,"['key', 'creditcard']",True,27,https://dc.lft.to/lastmile_qr_scan,https://dc.lft.to/lastmile_qr_scan
Columbia Rd & Georgia Ave NW,461,Hook Hall,3400 Georgia Ave NW,7.9,0.9900646598347848,bar,38.932269,-77.024158,Columbia Rd & Georgia Ave NW,463.57653061117986,Hook Hall,3.5,38.93229,-77.02413,38.92812111132096,-77.0237946510315,8,14,,0825164b-1f3f-11e7-bf6b-3863bb334450,1,1,1729555693,True,4,"['key', 'creditcard']",True,27,https://dc.lft.to/lastmile_qr_scan,https://dc.lft.to/lastmile_qr_scan
Columbia Rd & Georgia Ave NW,400,The Wonderland Ballroom,1101 Kenyon St NW,7.4,0.9799049732787424,bar,38.929844,-77.027957,Park Rd & Holmead Pl NW,322.87307064412494,The Wonderland Ballroom,3.6,38.9299231202487,-77.0279416189186,38.92812111132096,-77.0237946510315,8,14,,0825164b-1f3f-11e7-bf6b-3863bb334450,1,1,1729555693,True,4,"['key', 'creditcard']",True,27,https://dc.lft.to/lastmile_qr_scan,https://dc.lft.to/lastmile_qr_scan
Columbia Rd & Georgia Ave NW,400,The Wonderland Ballroom,1101 Kenyon St NW,7.4,0.9799049732787424,bar,38.929844,-77.027957,Columbia Rd & Georgia Ave NW,410.88706327511386,The Wonderland Ballroom,3.6,38.9299231202487,-77.0279416189186,38.92812111132096,-77.0237946510315,8,14,,0825164b-1f3f-11e7-bf6b-3863bb334450,1,1,1729555693,True,4,"['key', 'creditcard']",True,27,https://dc.lft.to/lastmile_qr_scan,https://dc.lft.to/lastmile_qr_scan
Beech Dr at Draper Dr Park,469,The Revolution Darts & Billiards Fairfax,9687 Fairfax Blvd,7.3,0.9769392033542976,bar,38.863292,-77.278881,Beech Dr at Draper Dr Park,491.28044090407144,Revolution,3.4,38.8640151,-77.2787037,38.866659,-77.282077,6,5,,1871684492868499562,1,1,1729555622,True,0,"['key', 'creditcard']",True,12,https://dc.lft.to/lastmile_qr_scan,https://dc.lft.to/lastmile_qr_scan
Beech Dr at Draper Dr Park,460,Fast Eddie's Sports & Billiards,9687 Fairfax Blvd,6.1,0.9787131107885824,bar,38.863292,-77.278881,Beech Dr at Draper Dr Park,491.28044090407144,Revolution,3.4,38.8640151,-77.2787037,38.866659,-77.282077,6,5,,1871684492868499562,1,1,1729555622,True,0,"['key', 'creditcard']",True,12,https://dc.lft.to/lastmile_qr_scan,https://dc.lft.to/lastmile_qr_scan
